"Date","Price","Open","High","Low","Vol.","Change %"
"03/17/2024","217.0","209.0","219.0","200.0","141.68M","3.83%"
"03/16/2024","209.0","237.0","240.0","202.0","57.28M","-12.18%"
"03/15/2024","238.0","254.0","260.0","222.0","41.61M","-6.30%"
"03/14/2024","254.0","240.0","273.0","235.0","63.06M","6.28%"
"03/13/2024","239.0","238.0","245.0","234.0","22.64M","0.42%"
"03/12/2024","238.0","253.0","255.0","227.0","36.93M","-5.93%"
"03/11/2024","253.0","240.0","254.0","226.0","56.40M","5.42%"
"03/10/2024","240.0","252.0","253.0","235.0","31.01M","-4.76%"
"03/09/2024","252.0","233.0","258.0","229.0","98.09M","8.15%"
"03/08/2024","233.0","222.0","246.0","217.0","73.02M","4.95%"
"03/07/2024","222.0","223.0","228.0","206.0","61.95M","-0.45%"
"03/06/2024","223.0","218.0","251.0","205.0","66.51M","1.83%"
"03/05/2024","219.0","255.0","290.4","192.0","260.14M","-13.78%"
"03/04/2024","254.0","214.0","258.0","204.0","163.87M","18.69%"
"03/03/2024","214.0","198.0","218.0","173.0","94.18M","8.08%"
"03/02/2024","198.0","195.0","211.0","190.0","44.08M","1.54%"
"03/01/2024","195.0","165.0","204.0","164.0","129.81M","18.18%"
"02/29/2024","165.0","162.0","190.0","156.0","107.03M","1.85%"
"02/28/2024","162.0","134.0","170.0","130.0","263.22M","20.90%"
"02/27/2024","134.0","123.0","139.0","121.0","52.29M","8.94%"
"02/26/2024","123.0","118.0","124.0","115.0","37.09M","4.24%"
"02/25/2024","118.0","118.0","120.0","118.0","8.47M","0.00%"
"02/24/2024","118.0","117.0","120.0","117.0","6.51M","0.85%"
"02/23/2024","117.0","117.0","119.0","116.0","18.56M","0.00%"
"02/22/2024","117.0","118.0","119.0","116.0","11.88M","-0.85%"
"02/21/2024","118.0","118.0","120.0","115.0","12.74M","0.00%"
"02/20/2024","118.0","124.0","127.0","116.0","34.34M","-4.84%"
"02/19/2024","124.0","117.0","126.0","117.0","36.69M","5.98%"
"02/18/2024","117.0","116.0","118.0","114.0","7.67M","0.86%"
"02/17/2024","116.0","118.0","120.0","113.0","12.28M","-1.69%"
"02/16/2024","118.0","117.0","121.0","116.0","19.47M","0.85%"
"02/15/2024","117.0","116.0","121.0","115.0","21.20M","0.86%"
"02/14/2024","116.0","110.0","118.0","109.0","34.74M","5.45%"
"02/13/2024","110.0","111.0","112.0","109.0","8.34M","-0.90%"
"02/12/2024","111.0","110.0","112.0","108.0","18.70M","0.91%"
"02/11/2024","110.0","110.0","113.0","109.0","7.55M","0.00%"
"02/10/2024","110.0","111.0","112.0","108.0","7.46M","-0.90%"
"02/09/2024","111.0","110.0","112.0","109.0","4.42M","0.91%"
"02/08/2024","110.0","108.0","110.0","108.0","10.62M","1.85%"
"02/07/2024","108.0","108.0","110.0","107.0","5.59M","0.00%"
"02/06/2024","108.0","108.0","109.0","107.0","6.24M","0.00%"
"02/05/2024","108.0","108.0","111.0","107.0","14.50M","0.00%"
"02/04/2024","108.0","109.0","110.0","107.0","26.12M","-0.92%"
"02/03/2024","109.0","109.0","110.0","108.0","3.24M","0.00%"
"02/02/2024","109.0","108.0","110.0","108.0","7.42M","0.93%"
"02/01/2024","108.0","108.0","110.0","107.0","17.98M","0.00%"
"01/31/2024","108.0","110.0","110.0","107.0","31.74M","-1.82%"
"01/30/2024","110.0","112.0","112.0","109.0","34.07M","-1.79%"
"01/29/2024","112.0","109.0","114.0","107.0","28.17M","2.75%"
"01/28/2024","109.0","111.0","112.0","107.0","10.73M","-1.80%"
"01/27/2024","111.0","110.0","111.0","108.0","4.61M","0.91%"
"01/26/2024","110.0","107.0","111.0","107.0","14.01M","2.80%"
"01/25/2024","107.0","108.0","110.0","106.0","6.95M","-0.93%"
"01/24/2024","108.0","109.0","111.0","107.0","12.63M","-0.92%"
"01/23/2024","109.0","111.0","114.0","105.0","24.93M","-1.80%"
"01/22/2024","111.0","118.0","118.0","110.0","39.11M","-5.93%"
"01/21/2024","118.0","121.0","125.0","117.0","15.77M","-3.28%"
"01/20/2024","122.0","109.0","125.0","108.0","68.23M","11.93%"
"01/19/2024","109.0","109.0","109.0","104.0","19.32M","0.00%"
"01/18/2024","109.0","110.0","111.0","107.0","27.49M","-0.91%"
"01/17/2024","110.0","111.0","112.0","110.0","5.89M","-0.90%"
"01/16/2024","111.0","111.0","113.0","110.0","11.14M","0.00%"
"01/15/2024","111.0","109.0","112.0","109.0","15.38M","1.83%"
"01/14/2024","109.0","111.0","115.0","109.0","38.21M","-1.80%"
"01/13/2024","111.0","111.0","112.0","107.0","13.66M","0.91%"
"01/12/2024","110.0","116.0","117.0","108.0","48.17M","-5.17%"
"01/11/2024","116.0","113.0","120.0","111.0","30.36M","1.75%"
"01/10/2024","114.0","106.0","116.0","103.0","71.96M","7.55%"
"01/09/2024","106.0","110.0","113.0","103.0","70.61M","-3.64%"
"01/08/2024","110.0","106.0","110.0","100.0","28.40M","3.77%"
"01/07/2024","106.0","108.0","110.0","103.0","29.24M","-1.85%"
"01/06/2024","108.0","112.0","112.0","106.0","16.94M","-3.57%"
"01/05/2024","112.0","113.0","114.0","109.0","15.60M","-0.88%"
"01/04/2024","113.0","113.0","114.0","109.0","21.47M","0.89%"
"01/03/2024","112.0","122.0","123.0","103.0","40.46M","-8.20%"
"01/02/2024","122.0","123.0","126.0","121.0","18.61M","-0.81%"
"01/01/2024","123.0","120.0","123.0","120.0","23.37M","2.50%"
"12/31/2023","120.0","121.0","122.0","120.0","10.82M","-1.64%"
"12/30/2023","122.0","122.0","123.0","120.0","8.41M","0.00%"
"12/29/2023","122.0","123.0","124.0","120.0","36.44M","-0.81%"
"12/28/2023","123.0","125.0","127.0","122.0","12.20M","-1.60%"
"12/27/2023","125.0","123.0","126.0","120.0","22.78M","1.63%"
"12/26/2023","123.0","125.0","126.0","119.0","27.51M","-1.60%"
"12/25/2023","125.0","124.0","127.0","122.0","30.22M","0.81%"
"12/24/2023","124.0","127.0","129.0","123.0","31.74M","-2.36%"
"12/23/2023","127.0","129.0","129.0","125.0","11.67M","-1.55%"
"12/22/2023","129.0","129.0","130.0","124.0","14.09M","0.00%"
"12/21/2023","129.0","124.0","133.0","123.0","56.67M","4.03%"
"12/20/2023","124.0","123.0","126.0","121.0","30.00M","0.81%"
"12/19/2023","123.0","126.0","127.0","122.0","15.23M","-2.38%"
"12/18/2023","126.0","128.0","128.0","118.0","22.43M","-1.56%"
"12/17/2023","128.0","133.0","134.0","126.0","26.50M","-3.76%"
"12/16/2023","133.0","129.0","134.0","127.0","28.31M","3.10%"
"12/15/2023","129.0","134.0","135.0","128.0","27.84M","-3.73%"
"12/14/2023","134.0","132.0","135.0","130.0","40.35M","1.52%"
"12/13/2023","132.0","131.0","135.0","125.0","62.81M","1.54%"
"12/12/2023","130.0","129.0","135.0","126.0","69.54M","0.00%"
"12/11/2023","130.0","139.0","147.0","126.0","43.60M","-6.47%"
"12/10/2023","139.0","135.0","141.0","132.0","22.90M","2.96%"
"12/09/2023","135.0","139.0","143.0","134.0","35.24M","-2.88%"
"12/08/2023","139.0","132.0","141.0","130.0","40.82M","5.30%"
"12/07/2023","132.0","130.0","135.0","127.0","61.04M","1.54%"
"12/06/2023","130.0","129.0","146.0","128.0","53.77M","0.78%"
"12/05/2023","129.0","125.0","130.0","118.0","60.04M","3.20%"
"12/04/2023","125.0","115.0","125.1","114.0","36.65M","8.70%"
"12/03/2023","115.0","115.0","117.0","112.0","18.92M","0.00%"
"12/02/2023","115.0","113.0","116.0","111.0","42.41M","1.77%"
"12/01/2023","113.0","112.0","114.0","110.0","11.53M","0.89%"
"11/30/2023","112.0","107.9","113.4","107.8","31.27M","3.80%"
"11/29/2023","107.9","107.9","110.8","106.5","49.11M","0.00%"
"11/28/2023","107.9","106.4","108.4","103.1","50.43M","1.41%"
"11/27/2023","106.4","105.7","109.3","103.9","35.97M","0.76%"
"11/26/2023","105.6","105.6","105.9","102.2","79.35M","0.00%"
"11/25/2023","105.6","105.0","106.2","104.0","16.29M","0.57%"
"11/24/2023","105.0","102.1","105.5","101.8","35.31M","2.84%"
"11/23/2023","102.1","101.3","102.3","100.3","30.98M","0.79%"
"11/22/2023","101.3","97.2","102.1","97.0","40.58M","4.09%"
"11/21/2023","97.3","104.2","105.2","96.3","126.13M","-6.60%"
"11/20/2023","104.2","107.2","109.6","103.9","57.13M","-2.98%"
"11/19/2023","107.4","107.8","107.9","104.3","29.85M","-0.37%"
"11/18/2023","107.8","116.7","116.8","106.4","50.79M","-7.63%"
"11/17/2023","116.7","107.4","117.7","106.7","134.54M","8.66%"
"11/16/2023","107.4","101.6","111.1","101.4","150.31M","5.60%"
"11/15/2023","101.7","97.8","101.9","96.3","49.12M","3.93%"
"11/14/2023","97.8","100.5","101.8","96.0","105.30M","-2.73%"
"11/13/2023","100.6","103.9","105.8","99.7","81.07M","-3.18%"
"11/12/2023","103.9","105.1","106.9","100.8","27.38M","-1.05%"
"11/11/2023","105.0","101.3","109.1","100.2","75.17M","3.65%"
"11/10/2023","101.3","98.9","101.4","97.9","44.34M","2.39%"
"11/09/2023","98.9","100.3","103.2","94.8","188.34M","-1.36%"
"11/08/2023","100.3","98.1","102.4","97.3","56.62M","2.23%"
"11/07/2023","98.1","102.0","102.2","96.3","120.30M","-3.91%"
"11/06/2023","102.1","95.5","102.2","94.0","123.82M","6.92%"
"11/05/2023","95.5","92.7","96.6","92.3","40.17M","3.07%"
"11/04/2023","92.7","91.5","92.9","91.4","13.84M","1.30%"
"11/03/2023","91.5","92.3","92.5","90.0","11.58M","-0.96%"
"11/02/2023","92.3","93.6","96.1","90.9","52.37M","-1.29%"
"11/01/2023","93.6","92.8","94.2","90.2","77.89M","0.80%"
"10/31/2023","92.8","94.3","96.1","89.9","59.31M","-1.61%"
"10/30/2023","94.3","94.0","95.3","92.5","22.76M","0.39%"
"10/29/2023","94.0","93.9","95.0","92.0","19.56M","0.12%"
"10/28/2023","93.9","92.0","94.7","91.8","9.66M","1.99%"
"10/27/2023","92.0","97.1","97.8","91.6","50.17M","-5.25%"
"10/26/2023","97.1","92.0","101.0","91.8","34.31M","5.50%"
"10/25/2023","92.1","89.6","94.1","87.8","88.35M","2.78%"
"10/24/2023","89.6","90.1","93.2","86.9","45.29M","-0.56%"
"10/23/2023","90.1","83.0","90.6","82.8","68.10M","8.58%"
"10/22/2023","83.0","82.6","83.2","81.3","10.34M","0.41%"
"10/21/2023","82.6","81.3","82.8","80.7","19.46M","1.65%"
"10/20/2023","81.3","79.8","81.6","79.5","14.70M","1.77%"
"10/19/2023","79.9","80.1","80.3","79.1","34.20M","-0.32%"
"10/18/2023","80.1","80.4","80.7","79.6","16.52M","-0.37%"
"10/17/2023","80.4","81.5","81.8","79.8","14.85M","-1.26%"
"10/16/2023","81.5","81.0","83.4","80.6","13.16M","0.61%"
"10/15/2023","81.0","81.9","81.9","80.7","6.00M","-1.16%"
"10/14/2023","81.9","80.3","82.0","80.3","11.34M","2.07%"
"10/13/2023","80.3","79.5","80.7","79.3","10.64M","1.01%"
"10/12/2023","79.5","79.8","79.9","78.6","11.85M","-0.38%"
"10/11/2023","79.8","80.7","80.9","78.8","18.18M","-1.10%"
"10/10/2023","80.7","80.1","80.8","79.7","7.69M","0.72%"
"10/09/2023","80.1","82.8","83.0","79.4","16.20M","-3.33%"
"10/08/2023","82.8","83.4","83.6","82.7","3.54M","-0.65%"
"10/07/2023","83.4","83.1","83.6","83.0","4.03M","0.32%"
"10/06/2023","83.1","82.7","83.2","82.7","7.23M","0.52%"
"10/05/2023","82.7","83.2","83.4","82.4","8.11M","-0.70%"
"10/04/2023","83.3","83.3","83.4","82.0","5.85M","-0.10%"
"10/03/2023","83.3","84.4","85.1","83.2","9.61M","-1.31%"
"10/02/2023","84.4","85.4","86.9","83.8","20.17M","-1.08%"
"10/01/2023","85.4","84.2","85.7","83.9","17.22M","1.34%"
"09/30/2023","84.2","84.1","84.8","83.8","8.08M","0.13%"
"09/29/2023","84.1","83.2","84.6","83.2","5.38M","1.06%"
"09/28/2023","83.2","82.6","83.6","82.4","8.54M","0.82%"
"09/27/2023","82.6","82.2","83.5","82.2","4.68M","0.45%"
"09/26/2023","82.2","82.2","82.8","81.0","17.33M","0.00%"
"09/25/2023","82.2","82.1","82.6","81.6","5.03M","0.11%"
"09/24/2023","82.1","83.2","83.3","82.0","11.40M","-1.30%"
"09/23/2023","83.2","83.2","83.7","82.9","6.58M","0.00%"
"09/22/2023","83.2","83.0","83.4","82.5","8.83M","0.16%"
"09/21/2023","83.0","84.2","85.8","82.8","13.73M","-1.42%"
"09/20/2023","84.2","84.1","84.5","83.0","18.56M","0.20%"
"09/19/2023","84.1","83.3","84.6","83.0","6.89M","0.86%"
"09/18/2023","83.3","82.7","84.2","82.4","8.26M","0.79%"
"09/17/2023","82.7","84.1","84.1","82.5","7.09M","-1.65%"
"09/16/2023","84.1","84.3","84.7","83.6","5.64M","-0.27%"
"09/15/2023","84.3","83.8","84.7","83.2","9.45M","0.67%"
"09/14/2023","83.8","82.9","84.4","82.5","10.61M","1.07%"
"09/13/2023","82.9","82.5","83.6","82.1","17.14M","0.38%"
"09/12/2023","82.6","82.4","84.4","82.3","13.27M","0.23%"
"09/11/2023","82.4","83.5","84.3","80.9","16.43M","-1.39%"
"09/10/2023","83.5","86.3","86.3","82.8","18.56M","-3.19%"
"09/09/2023","86.3","86.6","86.9","86.0","2.70M","-0.34%"
"09/08/2023","86.6","86.4","86.7","85.1","4.56M","0.22%"
"09/07/2023","86.4","86.4","86.6","85.4","9.79M","0.00%"
"09/06/2023","86.4","87.0","87.7","85.3","9.57M","-0.64%"
"09/05/2023","87.0","85.6","87.3","85.3","8.81M","1.55%"
"09/04/2023","85.6","85.7","86.4","84.4","11.32M","-0.10%"
"09/03/2023","85.7","86.3","86.6","85.5","3.82M","-0.67%"
"09/02/2023","86.3","87.4","88.0","85.4","12.14M","-1.30%"
"09/01/2023","87.4","87.1","87.7","85.8","15.50M","0.36%"
"08/31/2023","87.1","89.3","90.9","86.3","25.43M","-2.46%"
"08/30/2023","89.3","89.5","89.8","87.3","12.21M","-0.17%"
"08/29/2023","89.5","85.7","92.3","84.5","81.27M","4.41%"
"08/28/2023","85.7","85.6","85.9","83.9","6.38M","0.08%"
"08/27/2023","85.6","85.4","86.5","85.2","5.67M","0.19%"
"08/26/2023","85.5","85.8","86.1","85.1","5.51M","-0.37%"
"08/25/2023","85.8","85.7","85.8","83.8","13.42M","0.09%"
"08/24/2023","85.7","86.7","86.8","84.3","15.59M","-1.08%"
"08/23/2023","86.7","85.7","88.5","85.3","18.20M","1.10%"
"08/22/2023","85.7","85.6","86.6","83.3","24.04M","0.18%"
"08/21/2023","85.6","87.6","87.8","83.5","21.98M","-2.28%"
"08/20/2023","87.6","88.0","89.1","87.2","12.03M","-0.56%"
"08/19/2023","88.1","87.0","88.9","87.0","13.14M","1.18%"
"08/18/2023","87.0","83.9","87.7","82.1","38.73M","3.66%"
"08/17/2023","83.9","91.1","92.7","82.7","107.00M","-7.89%"
"08/16/2023","91.1","95.8","96.3","90.5","43.24M","-4.84%"
"08/15/2023","95.8","99.8","100.3","94.2","58.26M","-3.94%"
"08/14/2023","99.7","99.8","102.9","98.8","29.00M","-0.13%"
"08/13/2023","99.8","102.3","102.5","99.4","14.45M","-2.40%"
"08/12/2023","102.3","101.0","103.1","100.7","7.20M","1.39%"
"08/11/2023","100.9","100.7","101.2","100.0","3.70M","0.20%"
"08/10/2023","100.7","99.9","102.0","99.6","8.81M","0.83%"
"08/09/2023","99.9","99.3","100.9","98.7","14.70M","0.54%"
"08/08/2023","99.3","97.2","99.9","96.9","24.73M","2.21%"
"08/07/2023","97.2","98.5","99.9","95.7","27.04M","-1.44%"
"08/06/2023","98.6","100.1","101.1","98.5","18.38M","-1.50%"
"08/05/2023","100.1","97.2","102.0","96.3","12.91M","3.04%"
"08/04/2023","97.2","96.9","98.8","96.5","20.97M","0.22%"
"08/03/2023","96.9","97.5","98.7","96.0","20.90M","-0.62%"
"08/02/2023","97.5","101.5","102.1","97.1","32.51M","-3.90%"
"08/01/2023","101.5","101.1","101.7","98.6","12.97M","0.40%"
"07/31/2023","101.1","101.0","103.3","99.7","19.62M","0.10%"
"07/30/2023","101.0","103.5","104.0","99.6","21.23M","-2.42%"
"07/29/2023","103.5","99.9","106.0","99.4","34.63M","3.54%"
"07/28/2023","100.0","100.7","100.7","98.6","14.53M","-0.54%"
"07/27/2023","100.5","100.8","103.5","99.1","22.07M","-0.30%"
"07/26/2023","100.8","106.0","106.7","99.1","52.76M","-4.91%"
"07/25/2023","106.0","96.4","108.3","95.7","128.59M","9.90%"
"07/24/2023","96.4","93.0","100.9","91.3","62.66M","3.65%"
"07/23/2023","93.1","91.7","94.3","91.0","13.99M","1.51%"
"07/22/2023","91.7","95.1","95.2","91.0","18.70M","-3.57%"
"07/21/2023","95.1","91.3","99.5","91.1","36.79M","4.20%"
"07/20/2023","91.2","89.7","94.8","89.5","27.80M","1.66%"
"07/19/2023","89.7","88.2","92.3","87.7","53.19M","1.78%"
"07/18/2023","88.2","89.7","90.1","86.8","18.70M","-1.74%"
"07/17/2023","89.7","89.5","93.9","87.7","23.41M","0.22%"
"07/16/2023","89.5","92.3","92.6","89.0","23.46M","-3.01%"
"07/15/2023","92.3","88.3","96.5","87.0","33.70M","4.57%"
"07/14/2023","88.3","89.5","93.4","86.2","80.84M","-1.37%"
"07/13/2023","89.5","85.1","90.5","84.0","166.33M","5.16%"
"07/12/2023","85.1","85.5","85.9","83.7","16.57M","-0.50%"
"07/11/2023","85.6","85.9","86.0","84.6","16.19M","-0.41%"
"07/10/2023","85.9","86.2","86.9","84.2","14.48M","-0.38%"
"07/09/2023","86.2","87.1","87.7","86.2","6.49M","-1.01%"
"07/08/2023","87.1","86.7","87.5","85.9","9.81M","0.43%"
"07/07/2023","86.7","86.5","87.3","85.8","8.10M","0.29%"
"07/06/2023","86.5","88.7","90.3","86.1","11.92M","-2.51%"
"07/05/2023","88.7","90.9","91.3","86.9","16.20M","-2.46%"
"07/04/2023","91.0","90.4","94.7","89.4","38.10M","0.63%"
"07/03/2023","90.4","90.2","90.8","89.1","15.31M","0.21%"
"07/02/2023","90.2","91.2","91.9","88.2","16.68M","-1.04%"
"07/01/2023","91.2","88.5","95.1","88.5","12.53M","2.97%"
"06/30/2023","88.5","84.5","89.0","83.0","20.25M","4.82%"
"06/29/2023","84.4","83.1","85.3","83.1","9.02M","1.58%"
"06/28/2023","83.1","86.6","87.3","81.8","20.14M","-4.01%"
"06/27/2023","86.6","85.7","86.8","85.3","6.86M","1.04%"
"06/26/2023","85.7","88.3","88.5","84.2","17.57M","-2.91%"
"06/25/2023","88.3","88.7","90.6","88.2","7.47M","-0.51%"
"06/24/2023","88.7","90.3","90.8","87.3","15.80M","-1.72%"
"06/23/2023","90.3","85.8","92.4","85.8","28.77M","5.20%"
"06/22/2023","85.8","85.7","90.6","85.6","8.39M","0.16%"
"06/21/2023","85.7","82.4","87.0","82.1","28.82M","4.04%"
"06/20/2023","82.4","81.6","82.4","80.1","16.79M","0.98%"
"06/19/2023","81.6","81.2","81.9","80.7","7.14M","0.43%"
"06/18/2023","81.2","81.6","83.6","80.4","10.98M","-0.39%"
"06/17/2023","81.5","81.4","82.2","80.8","6.00M","0.16%"
"06/16/2023","81.4","80.3","82.1","79.8","10.18M","1.31%"
"06/15/2023","80.3","79.2","80.9","78.1","9.72M","1.52%"
"06/14/2023","79.2","80.6","81.2","76.9","25.25M","-1.79%"
"06/13/2023","80.6","80.8","81.6","79.6","10.07M","-0.25%"
"06/12/2023","80.8","81.4","81.5","79.7","9.80M","-0.85%"
"06/11/2023","81.5","82.1","83.4","81.0","13.57M","-0.80%"
"06/10/2023","82.1","91.3","93.3","77.9","17.13M","-10.12%"
"06/09/2023","91.4","89.7","93.3","89.0","5.88M","1.94%"
"06/08/2023","89.7","89.2","90.4","88.9","4.16M","0.45%"
"06/07/2023","89.3","92.5","92.5","88.6","12.24M","-3.52%"
"06/06/2023","92.5","88.6","95.0","87.2","14.17M","4.38%"
"06/05/2023","88.6","95.9","96.0","86.3","51.62M","-7.54%"
"06/04/2023","95.9","96.3","96.7","95.8","6.21M","-0.46%"
"06/03/2023","96.3","96.2","96.5","95.7","3.14M","0.16%"
"06/02/2023","96.2","95.4","97.0","94.9","5.51M","0.74%"
"06/01/2023","95.4","95.7","96.3","94.9","4.51M","-0.31%"
"05/31/2023","95.7","96.3","96.8","94.9","4.53M","-0.52%"
"05/30/2023","96.2","97.4","97.9","96.2","12.45M","-1.29%"
"05/29/2023","97.5","97.8","98.5","97.0","5.54M","-0.41%"
"05/28/2023","97.9","96.8","98.3","96.2","11.42M","1.09%"
"05/27/2023","96.8","95.0","97.9","95.0","11.65M","1.95%"
"05/26/2023","95.0","95.2","95.6","94.3","3.45M","-0.20%"
"05/25/2023","95.2","95.0","95.3","92.7","3.64M","0.16%"
"05/24/2023","95.0","97.3","97.3","93.7","7.02M","-2.18%"
"05/23/2023","97.2","97.6","98.2","97.0","2.39M","-0.46%"
"05/22/2023","97.6","97.2","98.9","95.4","2.62M","0.42%"
"05/21/2023","97.2","98.9","99.4","97.1","5.89M","-1.75%"
"05/20/2023","98.9","98.8","99.3","98.3","3.44M","0.07%"
"05/19/2023","98.8","99.1","99.5","98.3","3.85M","-0.21%"
"05/18/2023","99.1","100.3","101.0","97.0","14.97M","-1.24%"
"05/17/2023","100.3","97.9","101.2","97.6","15.66M","2.41%"
"05/16/2023","97.9","97.0","98.5","95.9","7.22M","0.96%"
"05/15/2023","97.0","97.4","99.3","96.1","3.43M","-0.39%"
"05/14/2023","97.4","97.4","98.2","96.7","5.12M","0.00%"
"05/13/2023","97.4","98.0","98.1","96.8","3.34M","-0.68%"
"05/12/2023","98.1","96.9","98.3","93.7","12.84M","1.19%"
"05/11/2023","96.9","98.1","98.4","94.1","27.77M","-1.24%"
"05/10/2023","98.1","98.3","100.2","96.2","26.71M","-0.22%"
"05/09/2023","98.3","97.4","98.8","96.7","8.26M","0.86%"
"05/08/2023","97.5","102.7","103.1","95.6","39.15M","-5.06%"
"05/07/2023","102.7","102.8","103.5","102.3","9.46M","-0.10%"
"05/06/2023","102.8","106.3","106.5","102.0","9.02M","-3.29%"
"05/05/2023","106.3","104.9","107.9","103.5","18.31M","1.33%"
"05/04/2023","104.9","106.2","106.7","104.4","7.87M","-1.22%"
"05/03/2023","106.2","105.4","107.6","103.6","21.73M","0.76%"
"05/02/2023","105.4","106.0","106.1","104.4","4.44M","-0.57%"
"05/01/2023","106.0","106.6","107.2","104.4","13.32M","-0.56%"
"04/30/2023","106.6","108.8","108.9","106.4","13.65M","-2.02%"
"04/29/2023","108.8","107.2","109.0","106.8","12.69M","1.49%"
"04/28/2023","107.2","106.9","107.6","105.9","5.16M","0.28%"
"04/27/2023","106.9","105.1","107.8","104.9","13.94M","1.71%"
"04/26/2023","105.1","106.7","111.0","101.6","55.94M","-1.50%"
"04/25/2023","106.7","105.4","107.1","104.0","14.29M","1.33%"
"04/24/2023","105.3","105.1","106.7","103.3","9.09M","0.29%"
"04/23/2023","105.0","107.5","107.7","102.3","19.76M","-2.33%"
"04/22/2023","107.5","104.5","108.2","104.0","14.65M","2.87%"
"04/21/2023","104.5","111.7","112.4","103.1","60.22M","-6.45%"
"04/20/2023","111.7","116.9","123.5","110.0","68.02M","-4.45%"
"04/19/2023","116.9","122.6","122.8","114.9","41.07M","-4.49%"
"04/18/2023","122.4","120.2","124.0","117.9","33.71M","1.83%"
"04/17/2023","120.2","118.2","124.3","116.0","25.50M","1.69%"
"04/16/2023","118.2","116.8","119.9","115.6","16.58M","1.20%"
"04/15/2023","116.8","116.0","118.9","114.4","12.71M","0.69%"
"04/14/2023","116.0","114.8","119.1","112.5","45.77M","1.05%"
"04/13/2023","114.8","110.7","117.3","109.5","21.83M","3.70%"
"04/12/2023","110.7","111.3","112.2","107.7","22.00M","-0.54%"
"04/11/2023","111.3","111.5","112.8","110.6","15.57M","-0.18%"
"04/10/2023","111.5","109.8","112.3","108.7","19.37M","1.55%"
"04/09/2023","109.8","108.1","110.8","107.6","26.27M","1.57%"
"04/08/2023","108.1","108.9","110.9","107.0","22.20M","-0.83%"
"04/07/2023","109.0","113.0","114.1","108.0","21.67M","-3.54%"
"04/06/2023","113.0","122.3","122.4","112.0","66.01M","-7.76%"
"04/05/2023","122.5","125.4","130.6","120.7","50.90M","-2.39%"
"04/04/2023","125.5","127.0","136.7","122.4","72.57M","-1.26%"
"04/03/2023","127.1","104.4","136.0","101.6","325.81M","21.63%"
"04/02/2023","104.5","108.0","113.1","102.8","23.08M","-3.24%"
"04/01/2023","108.0","101.4","110.0","100.5","62.68M","6.51%"
"03/31/2023","101.4","98.4","102.6","97.5","19.87M","3.09%"
"03/30/2023","98.4","99.7","101.0","97.6","14.36M","-1.38%"
"03/29/2023","99.7","97.4","101.1","97.3","13.88M","2.38%"
"03/28/2023","97.4","97.0","97.7","95.1","15.88M","0.43%"
"03/27/2023","97.0","98.8","101.0","95.3","31.46M","-1.79%"
"03/26/2023","98.8","99.0","100.0","97.8","11.21M","-0.18%"
"03/25/2023","98.9","99.7","101.0","97.3","23.84M","-0.77%"
"03/24/2023","99.7","101.8","102.0","98.1","28.20M","-2.04%"
"03/23/2023","101.8","98.4","103.2","96.8","28.58M","3.43%"
"03/22/2023","98.4","101.2","103.5","96.0","96.49M","-2.84%"
"03/21/2023","101.3","95.9","102.9","93.8","90.03M","5.69%"
"03/20/2023","95.8","99.3","100.3","94.8","46.28M","-3.45%"
"03/19/2023","99.3","96.9","101.1","96.9","43.95M","2.41%"
"03/18/2023","96.9","100.9","104.1","96.5","63.64M","-3.93%"
"03/17/2023","100.9","96.6","101.9","95.6","31.67M","4.49%"
"03/16/2023","96.6","93.3","98.4","92.0","31.43M","3.46%"
"03/15/2023","93.3","98.2","99.5","90.6","69.30M","-4.94%"
"03/14/2023","98.2","95.6","101.4","93.2","54.26M","2.66%"
"03/13/2023","95.6","93.5","96.4","90.3","50.18M","2.25%"
"03/12/2023","93.5","89.5","93.7","87.6","65.15M","4.49%"
"03/11/2023","89.5","89.3","92.4","86.2","20.30M","0.29%"
"03/10/2023","89.3","89.2","89.4","85.3","25.36M","0.00%"
"03/09/2023","89.3","95.0","96.5","87.0","99.30M","-6.06%"
"03/08/2023","95.0","98.5","98.7","93.9","34.18M","-3.48%"
"03/07/2023","98.4","99.2","101.1","96.6","30.74M","-0.78%"
"03/06/2023","99.2","99.9","100.1","97.6","11.73M","-0.69%"
"03/05/2023","99.9","99.7","101.3","99.0","8.89M","0.24%"
"03/04/2023","99.7","102.0","103.0","97.4","30.49M","-2.29%"
"03/03/2023","102.0","106.7","106.9","98.8","9.58M","-4.40%"
"03/02/2023","106.7","108.0","108.0","105.8","10.98M","-1.20%"
"03/01/2023","108.0","108.3","109.3","107.3","7.17M","-0.28%"
"02/28/2023","108.3","108.2","110.0","107.1","13.61M","0.09%"
"02/27/2023","108.2","109.0","109.2","106.5","10.45M","-0.73%"
"02/26/2023","109.0","107.9","109.4","107.1","9.18M","1.02%"
"02/25/2023","107.9","107.6","109.1","105.3","14.19M","0.28%"
"02/24/2023","107.6","110.2","110.8","105.9","30.03M","-2.36%"
"02/23/2023","110.2","111.8","112.4","109.7","10.57M","-1.43%"
"02/22/2023","111.8","111.1","114.1","108.1","21.53M","0.63%"
"02/21/2023","111.1","113.5","114.4","110.1","18.79M","-2.11%"
"02/20/2023","113.5","112.9","114.2","111.0","16.67M","0.53%"
"02/19/2023","112.9","114.5","115.8","111.5","28.35M","-1.40%"
"02/18/2023","114.5","112.8","116.5","111.9","22.41M","1.51%"
"02/17/2023","112.8","109.7","113.7","109.1","19.74M","2.83%"
"02/16/2023","109.7","114.4","118.0","109.3","49.19M","-4.11%"
"02/15/2023","114.4","108.2","114.9","107.1","34.22M","5.73%"
"02/14/2023","108.2","106.7","108.5","104.0","35.58M","1.41%"
"02/13/2023","106.7","106.5","112.1","103.8","19.99M","0.19%"
"02/12/2023","106.5","106.7","110.9","105.7","23.08M","-0.19%"
"02/11/2023","106.7","105.3","107.0","104.9","5.24M","1.33%"
"02/10/2023","105.3","105.2","107.2","103.5","24.37M","0.10%"
"02/09/2023","105.2","115.1","115.8","103.7","65.13M","-8.60%"
"02/08/2023","115.1","117.1","118.0","113.4","28.20M","-1.71%"
"02/07/2023","117.1","114.8","117.2","114.3","21.75M","2.00%"
"02/06/2023","114.8","116.2","117.9","113.6","29.84M","-1.20%"
"02/05/2023","116.2","120.7","122.0","115.0","12.84M","-3.73%"
"02/04/2023","120.7","116.6","125.2","115.9","56.69M","3.52%"
"02/03/2023","116.6","114.6","117.1","113.5","17.01M","1.75%"
"02/02/2023","114.6","117.4","119.5","114.2","32.49M","-2.39%"
"02/01/2023","117.4","120.7","121.9","110.8","72.84M","-2.73%"
"01/31/2023","120.7","111.1","122.2","111.0","64.54M","8.45%"
"01/30/2023","111.3","112.6","116.0","106.3","60.47M","-1.15%"
"01/29/2023","112.6","110.8","114.1","110.3","28.27M","1.62%"
"01/28/2023","110.8","109.6","117.5","109.3","12.62M","1.09%"
"01/27/2023","109.6","108.6","110.1","105.7","20.61M","1.01%"
"01/26/2023","108.5","107.9","109.6","106.3","25.62M","0.56%"
"01/25/2023","107.9","105.2","109.5","102.7","42.12M","2.76%"
"01/24/2023","105.0","110.5","113.4","104.1","46.08M","-4.98%"
"01/23/2023","110.5","110.6","114.2","108.7","20.97M","-0.09%"
"01/22/2023","110.6","105.3","115.9","105.3","96.29M","5.03%"
"01/21/2023","105.3","106.5","110.5","105.0","40.41M","-1.13%"
"01/20/2023","106.5","101.6","107.4","100.7","44.78M","4.82%"
"01/19/2023","101.6","99.7","102.0","99.6","14.76M","1.92%"
"01/18/2023","99.7","102.9","110.8","99.2","110.79M","-3.12%"
"01/17/2023","102.9","104.2","105.2","102.5","17.91M","-1.25%"
"01/16/2023","104.2","106.9","109.2","102.0","29.52M","-2.53%"
"01/15/2023","106.9","107.9","108.5","102.5","22.60M","-0.93%"
"01/14/2023","107.9","105.2","114.3","103.7","23.52M","2.57%"
"01/13/2023","105.2","100.4","106.1","99.2","40.22M","4.78%"
"01/12/2023","100.4","98.0","101.5","96.1","28.13M","2.47%"
"01/11/2023","98.0","97.8","98.8","94.5","31.26M","0.15%"
"01/10/2023","97.8","95.4","97.9","93.5","28.35M","2.56%"
"01/09/2023","95.4","93.3","99.7","92.6","44.60M","2.28%"
"01/08/2023","93.3","91.8","93.7","90.6","19.31M","1.55%"
"01/07/2023","91.8","91.9","92.7","91.4","7.90M","-0.10%"
"01/06/2023","91.9","91.6","92.4","89.1","15.92M","0.33%"
"01/05/2023","91.6","93.7","96.3","91.0","11.77M","-2.25%"
"01/04/2023","93.7","90.2","94.2","90.0","17.44M","3.87%"
"01/03/2023","90.3","90.7","92.1","89.3","22.67M","-0.57%"
"01/02/2023","90.8","89.3","93.2","87.9","14.96M","1.69%"
"01/01/2023","89.3","89.5","90.3","88.2","10.87M","-0.18%"
"12/31/2022","89.4","86.9","90.8","86.1","12.56M","2.90%"
"12/30/2022","86.9","90.3","90.9","84.0","20.55M","-3.81%"
"12/29/2022","90.3","89.6","91.2","88.4","20.55M","0.83%"
"12/28/2022","89.6","94.1","94.3","88.4","22.59M","-4.78%"
"12/27/2022","94.1","97.1","97.5","93.0","21.57M","-3.02%"
"12/26/2022","97.0","98.6","98.9","95.7","18.68M","-1.49%"
"12/25/2022","98.5","101.0","101.3","95.4","33.62M","-2.48%"
"12/24/2022","101.0","100.5","101.7","100.0","8.12M","0.50%"
"12/23/2022","100.5","100.0","102.7","99.3","12.69M","0.50%"
"12/22/2022","100.0","96.1","101.3","95.0","40.75M","4.19%"
"12/21/2022","96.0","97.5","97.7","93.1","16.10M","-1.60%"
"12/20/2022","97.5","94.0","98.7","93.6","26.41M","3.80%"
"12/19/2022","94.0","104.0","104.9","92.5","112.96M","-9.64%"
"12/18/2022","104.0","105.1","106.0","103.0","8.66M","-1.05%"
"12/17/2022","105.1","101.4","105.3","100.0","23.06M","3.65%"
"12/16/2022","101.4","112.2","114.1","99.9","79.09M","-9.63%"
"12/15/2022","112.2","115.2","116.3","111.2","28.57M","-2.69%"
"12/14/2022","115.3","118.7","120.9","115.0","54.09M","-2.86%"
"12/13/2022","118.7","119.9","124.7","115.1","47.91M","-1.00%"
"12/12/2022","119.9","123.5","123.9","115.0","26.78M","-2.91%"
"12/11/2022","123.5","128.4","129.2","122.7","26.02M","-3.82%"
"12/10/2022","128.4","129.2","129.7","128.2","6.53M","-0.62%"
"12/09/2022","129.2","131.1","131.7","127.9","19.28M","-1.45%"
"12/08/2022","131.1","128.3","131.8","127.2","20.14M","2.18%"
"12/07/2022","128.3","133.8","135.0","125.8","16.21M","-4.11%"
"12/06/2022","133.8","136.2","137.2","131.6","23.84M","-1.76%"
"12/05/2022","136.2","139.6","148.0","133.5","38.74M","-2.37%"
"12/04/2022","139.5","134.9","141.9","134.7","21.98M","3.41%"
"12/03/2022","134.9","136.8","138.1","132.4","28.42M","-1.39%"
"12/02/2022","136.8","137.8","140.0","130.4","28.82M","-0.73%"
"12/01/2022","137.8","144.6","146.0","136.1","37.36M","-4.70%"
"11/30/2022","144.6","138.2","148.7","135.5","92.13M","4.56%"
"11/29/2022","138.3","130.8","143.6","128.8","43.68M","5.73%"
"11/28/2022","130.8","135.9","137.1","125.7","92.57M","-3.75%"
"11/27/2022","135.9","122.6","148.0","122.3","93.07M","10.85%"
"11/26/2022","122.6","122.9","131.0","120.7","41.71M","-0.24%"
"11/25/2022","122.9","111.5","125.2","110.6","51.33M","10.22%"
"11/24/2022","111.5","113.2","116.3","109.9","15.07M","-1.50%"
"11/23/2022","113.2","109.4","115.8","108.3","27.75M","3.47%"
"11/22/2022","109.4","105.0","110.7","102.7","28.17M","4.19%"
"11/21/2022","105.0","107.8","108.2","101.0","57.88M","-2.69%"
"11/20/2022","107.9","116.7","118.5","107.0","43.44M","-7.54%"
"11/19/2022","116.7","115.9","117.1","115.7","9.98M","0.09%"
"11/18/2022","116.6","117.8","117.9","115.6","19.56M","-0.09%"
"11/17/2022","116.7","118.2","119.8","114.1","22.03M","-0.26%"
"11/16/2022","117.0","118.4","124.0","115.1","21.25M","-1.18%"
"11/15/2022","118.4","117.2","121.2","116.2","38.23M","1.02%"
"11/14/2022","117.2","116.9","124.8","107.0","57.35M","0.26%"
"11/13/2022","116.9","122.5","127.0","115.0","63.42M","-4.57%"
"11/12/2022","122.5","118.1","131.0","109.0","76.20M","3.81%"
"11/11/2022","118.0","126.3","130.8","112.0","107.32M","-6.57%"
"11/10/2022","126.3","107.5","130.8","105.7","145.48M","18.04%"
"11/09/2022","107.0","127.1","132.0","102.0","359.03M","-15.88%"
"11/08/2022","127.2","156.5","158.3","117.5","351.75M","-18.83%"
"11/07/2022","156.7","161.9","167.0","153.0","79.11M","-3.21%"
"11/06/2022","161.9","174.0","178.2","160.0","99.01M","-7.06%"
"11/05/2022","174.2","175.2","188.6","170.0","47.81M","-0.68%"
"11/04/2022","175.4","174.5","179.9","164.6","76.51M","0.46%"
"11/03/2022","174.6","181.7","193.6","172.0","96.17M","-3.91%"
"11/02/2022","181.7","199.8","207.6","174.7","211.54M","-8.97%"
"11/01/2022","199.6","178.3","221.3","175.0","156.16M","11.95%"
"10/31/2022","178.3","165.3","184.3","160.6","175.17M","7.86%"
"10/30/2022","165.3","170.7","200.5","157.3","194.40M","-3.16%"
"10/29/2022","170.7","117.9","209.9","116.4","610.23M","44.78%"
"10/28/2022","117.9","108.2","124.3","102.2","129.62M","8.96%"
"10/27/2022","108.2","101.7","119.4","100.3","124.00M","6.39%"
"10/26/2022","101.7","89.3","103.2","88.8","150.67M","13.82%"
"10/25/2022","89.3","85.4","91.0","84.9","60.67M","4.59%"
"10/24/2022","85.4","86.4","87.2","84.6","9.48M","-1.15%"
"10/23/2022","86.4","85.8","86.4","84.7","12.98M","0.78%"
"10/22/2022","85.8","85.4","86.1","85.2","4.35M","0.39%"
"10/21/2022","85.4","85.8","85.8","83.0","5.36M","-0.48%"
"10/20/2022","85.8","84.8","87.0","84.2","10.71M","1.27%"
"10/19/2022","84.8","85.9","87.5","84.3","16.50M","-1.36%"
"10/18/2022","85.9","85.9","87.8","84.2","14.95M","0.00%"
"10/17/2022","85.9","84.6","86.1","84.1","7.55M","1.52%"
"10/16/2022","84.6","84.6","85.7","84.4","7.41M","0.00%"
"10/15/2022","84.6","84.7","86.3","83.7","13.94M","0.00%"
"10/14/2022","84.7","85.5","87.4","83.8","10.02M","-1.06%"
"10/13/2022","85.6","85.8","86.7","79.7","32.01M","-0.33%"
"10/12/2022","85.8","86.4","87.4","85.0","10.47M","-0.69%"
"10/11/2022","86.4","85.2","87.6","82.9","10.72M","1.50%"
"10/10/2022","85.2","88.4","89.2","85.1","11.41M","-3.67%"
"10/09/2022","88.4","88.1","88.9","87.4","7.36M","0.33%"
"10/08/2022","88.1","88.8","89.2","87.7","8.26M","-0.78%"
"10/07/2022","88.8","90.3","90.7","87.7","15.39M","-1.58%"
"10/06/2022","90.2","92.2","94.5","89.6","12.98M","-2.19%"
"10/05/2022","92.3","93.8","95.3","89.8","15.73M","-1.64%"
"10/04/2022","93.8","86.9","94.7","86.3","81.99M","7.89%"
"10/03/2022","86.9","86.2","87.4","85.6","6.08M","0.88%"
"10/02/2022","86.2","87.5","88.0","85.7","6.01M","-1.58%"
"10/01/2022","87.6","88.6","90.9","87.1","5.46M","-1.19%"
"09/30/2022","88.6","86.9","89.7","85.9","16.02M","1.97%"
"09/29/2022","86.9","87.2","87.9","85.7","9.65M","-0.40%"
"09/28/2022","87.2","87.4","88.0","84.8","7.01M","-0.21%"
"09/27/2022","87.4","87.8","89.8","86.3","13.20M","-0.42%"
"09/26/2022","87.8","88.0","89.1","86.3","6.58M","-0.25%"
"09/25/2022","88.0","90.9","91.7","86.8","17.47M","-3.17%"
"09/24/2022","90.9","90.5","97.8","89.8","34.58M","0.39%"
"09/23/2022","90.5","84.8","92.6","84.6","50.23M","6.77%"
"09/22/2022","84.8","82.2","85.2","81.9","13.84M","3.11%"
"09/21/2022","82.2","82.7","85.9","80.5","34.91M","-0.52%"
"09/20/2022","82.7","82.6","85.5","81.7","34.09M","0.10%"
"09/19/2022","82.6","81.3","82.9","80.0","10.00M","1.75%"
"09/18/2022","81.2","87.2","87.2","80.2","26.36M","-6.93%"
"09/17/2022","87.2","85.2","87.6","84.8","8.56M","2.35%"
"09/16/2022","85.2","83.3","85.3","82.8","7.81M","2.29%"
"09/15/2022","83.3","85.7","85.9","83.2","10.74M","-2.73%"
"09/14/2022","85.6","83.9","86.1","83.4","8.24M","2.09%"
"09/13/2022","83.9","87.7","89.0","83.4","16.13M","-4.39%"
"09/12/2022","87.7","87.7","89.6","86.7","11.26M","0.00%"
"09/11/2022","87.7","88.9","89.8","86.6","12.00M","-1.35%"
"09/10/2022","88.9","87.8","89.8","86.8","10.03M","1.25%"
"09/09/2022","87.8","84.8","89.1","84.8","15.57M","3.58%"
"09/08/2022","84.8","84.8","85.4","83.4","10.84M","0.06%"
"09/07/2022","84.8","82.5","85.5","81.0","10.95M","2.73%"
"09/06/2022","82.5","86.5","89.6","81.6","31.72M","-4.65%"
"09/05/2022","86.5","87.0","87.7","84.5","7.07M","-0.54%"
"09/04/2022","87.0","86.7","88.3","85.7","5.65M","0.38%"
"09/03/2022","86.7","85.2","88.4","84.8","5.92M","1.68%"
"09/02/2022","85.2","85.5","86.1","84.2","8.44M","-0.32%"
"09/01/2022","85.5","84.2","85.9","82.6","7.90M","1.53%"
"08/31/2022","84.2","84.7","86.6","83.5","11.93M","-0.52%"
"08/30/2022","84.7","87.4","88.3","83.2","13.42M","-3.31%"
"08/29/2022","87.6","85.4","88.1","84.2","8.37M","2.47%"
"08/28/2022","85.4","87.8","88.7","85.0","12.19M","-2.69%"
"08/27/2022","87.8","87.5","88.7","86.0","10.05M","0.22%"
"08/26/2022","87.6","93.6","94.3","86.7","29.75M","-6.40%"
"08/25/2022","93.6","92.5","97.1","92.1","12.92M","1.20%"
"08/24/2022","92.5","93.5","94.5","91.7","11.34M","-1.12%"
"08/23/2022","93.5","93.5","94.4","91.7","6.43M","0.10%"
"08/22/2022","93.4","94.9","95.1","90.0","12.02M","-1.51%"
"08/21/2022","94.9","96.2","97.2","93.1","8.57M","-1.39%"
"08/20/2022","96.2","92.9","98.0","92.9","20.48M","3.53%"
"08/19/2022","92.9","102.5","102.9","92.1","26.44M","-9.33%"
"08/18/2022","102.5","108.5","110.9","102.0","42.23M","-5.44%"
"08/17/2022","108.4","116.7","118.5","107.5","21.53M","-7.11%"
"08/16/2022","116.7","103.0","120.0","102.5","52.36M","13.30%"
"08/15/2022","103.0","109.5","109.9","100.8","32.44M","-5.94%"
"08/14/2022","109.5","97.2","112.7","96.9","134.14M","12.65%"
"08/13/2022","97.2","95.8","99.6","95.3","16.35M","1.42%"
"08/12/2022","95.8","94.1","96.5","93.1","14.61M","1.83%"
"08/11/2022","94.1","94.1","99.6","93.8","26.25M","0.00%"
"08/10/2022","94.1","92.5","94.7","89.9","18.54M","1.64%"
"08/09/2022","92.6","92.7","98.4","90.8","20.96M","-0.10%"
"08/08/2022","92.7","91.4","95.5","91.3","20.87M","1.41%"
"08/07/2022","91.4","91.1","92.4","89.9","11.10M","0.27%"
"08/06/2022","91.1","92.2","94.4","90.9","13.36M","-1.20%"
"08/05/2022","92.2","90.1","92.8","89.9","11.05M","2.40%"
"08/04/2022","90.1","89.0","90.6","88.3","17.88M","1.20%"
"08/03/2022","89.0","89.0","91.0","87.5","13.16M","0.00%"
"08/02/2022","89.0","90.9","91.5","87.4","10.79M","-2.13%"
"08/01/2022","90.9","89.8","93.8","89.0","46.07M","1.21%"
"07/31/2022","89.8","92.0","94.8","89.7","46.35M","-2.38%"
"07/30/2022","92.0","90.9","98.3","90.1","29.95M","1.25%"
"07/29/2022","90.9","90.4","94.8","88.8","31.57M","0.50%"
"07/28/2022","90.4","88.3","92.5","86.1","70.59M","2.38%"
"07/27/2022","88.3","83.5","88.4","82.7","56.91M","5.78%"
"07/26/2022","83.5","82.9","83.7","80.4","19.02M","0.71%"
"07/25/2022","82.9","89.2","89.7","82.8","31.35M","-7.02%"
"07/24/2022","89.2","90.1","90.8","88.8","25.03M","-1.04%"
"07/23/2022","90.1","89.4","91.7","87.8","22.39M","0.77%"
"07/22/2022","89.4","92.1","93.9","88.5","51.10M","-2.90%"
"07/21/2022","92.1","92.1","93.3","88.2","30.41M","0.00%"
"07/20/2022","92.1","90.7","101.4","89.0","83.63M","1.48%"
"07/19/2022","90.7","88.5","91.8","86.1","54.77M","2.25%"
"07/18/2022","88.7","83.4","90.1","83.2","53.81M","6.44%"
"07/17/2022","83.4","84.6","86.0","83.1","19.89M","-1.47%"
"07/16/2022","84.6","83.5","85.3","81.8","28.94M","1.20%"
"07/15/2022","83.6","82.2","84.8","81.3","74.43M","1.69%"
"07/14/2022","82.2","81.5","82.7","78.9","21.53M","0.91%"
"07/13/2022","81.5","79.5","82.0","76.7","25.62M","2.43%"
"07/12/2022","79.6","81.8","83.5","79.5","14.84M","-2.81%"
"07/11/2022","81.8","88.1","88.1","81.3","21.14M","-7.07%"
"07/10/2022","88.1","90.8","90.8","87.1","16.73M","-2.98%"
"07/09/2022","90.8","90.4","91.4","90.1","8.47M","0.44%"
"07/08/2022","90.4","91.9","95.0","89.4","22.36M","-1.63%"
"07/07/2022","91.9","89.7","92.5","89.0","20.44M","2.41%"
"07/06/2022","89.7","88.4","90.8","87.3","34.08M","1.47%"
"07/05/2022","88.4","90.6","91.4","86.7","22.21M","-2.33%"
"07/04/2022","90.5","88.4","91.1","86.7","24.54M","2.39%"
"07/03/2022","88.4","88.0","88.9","86.1","15.82M","0.47%"
"07/02/2022","88.0","87.9","89.6","86.7","15.13M","0.13%"
"07/01/2022","87.9","86.4","89.1","84.2","24.50M","1.71%"
"06/30/2022","86.4","91.6","91.8","82.7","53.00M","-5.67%"
"06/29/2022","91.6","86.6","93.9","84.4","64.63M","5.83%"
"06/28/2022","86.6","93.9","94.9","85.8","55.62M","-7.70%"
"06/27/2022","93.8","95.3","101.9","91.9","38.56M","-1.52%"
"06/26/2022","95.3","88.7","101.0","87.5","101.74M","7.34%"
"06/25/2022","88.7","87.2","89.8","84.9","21.06M","1.82%"
"06/24/2022","87.2","83.1","88.7","83.1","27.68M","4.90%"
"06/23/2022","83.1","80.9","84.2","80.8","22.25M","2.75%"
"06/22/2022","80.9","85.7","85.8","80.1","41.42M","-5.69%"
"06/21/2022","85.7","77.8","90.3","76.7","53.27M","10.13%"
"06/20/2022","77.8","78.4","79.5","74.9","41.18M","-0.65%"
"06/19/2022","78.4","69.8","81.3","67.3","80.66M","12.25%"
"06/18/2022","69.8","75.0","76.1","66.6","115.24M","-6.90%"
"06/17/2022","75.0","72.5","76.0","71.6","24.77M","3.48%"
"06/16/2022","72.5","81.1","81.2","71.3","85.42M","-10.53%"
"06/15/2022","81.0","72.3","82.3","66.5","131.41M","12.10%"
"06/14/2022","72.3","70.5","75.7","65.1","47.64M","2.56%"
"06/13/2022","70.4","82.7","87.0","68.9","111.93M","-14.94%"
"06/12/2022","82.8","91.2","91.7","82.4","44.84M","-9.20%"
"06/11/2022","91.2","97.6","98.5","88.6","52.49M","-6.59%"
"06/10/2022","97.6","100.7","101.2","96.4","30.99M","-3.04%"
"06/09/2022","100.7","101.1","102.5","100.4","9.70M","-0.40%"
"06/08/2022","101.1","101.8","103.0","100.6","10.20M","-0.69%"
"06/07/2022","101.8","104.2","104.3","99.6","29.49M","-2.30%"
"06/06/2022","104.2","103.1","106.3","102.9","14.97M","1.07%"
"06/05/2022","103.1","104.0","104.2","102.4","9.68M","-0.87%"
"06/04/2022","104.0","102.3","105.1","101.5","4.93M","1.66%"
"06/03/2022","102.3","104.2","104.4","101.0","11.60M","-1.82%"
"06/02/2022","104.2","102.8","104.8","101.8","12.62M","1.36%"
"06/01/2022","102.8","107.7","112.6","101.0","40.78M","-4.55%"
"05/31/2022","107.7","109.7","110.4","104.8","21.35M","-1.82%"
"05/30/2022","109.7","105.1","110.8","104.2","39.42M","4.38%"
"05/29/2022","105.1","104.3","105.9","101.8","8.18M","0.77%"
"05/28/2022","104.3","104.6","106.5","103.4","8.47M","-0.29%"
"05/27/2022","104.6","100.2","113.3","97.5","68.79M","4.39%"
"05/26/2022","100.2","106.3","107.1","97.6","30.65M","-5.74%"
"05/25/2022","106.3","106.6","107.3","104.8","16.32M","-0.28%"
"05/24/2022","106.6","106.8","107.5","102.6","13.74M","-0.28%"
"05/23/2022","106.9","110.4","112.9","105.5","41.55M","-3.17%"
"05/22/2022","110.4","108.9","111.7","108.4","19.21M","1.38%"
"05/21/2022","108.9","108.4","110.1","106.8","7.69M","0.46%"
"05/20/2022","108.4","110.8","112.2","107.0","25.89M","-2.17%"
"05/19/2022","110.8","107.1","111.8","104.8","15.52M","3.45%"
"05/18/2022","107.1","116.1","116.7","106.8","40.33M","-7.75%"
"05/17/2022","116.1","115.1","117.5","112.9","28.69M","0.87%"
"05/16/2022","115.1","121.9","121.9","113.2","24.45M","-5.58%"
"05/15/2022","121.9","118.7","121.9","115.0","24.73M","2.70%"
"05/14/2022","118.7","117.3","122.2","112.1","27.60M","1.19%"
"05/13/2022","117.3","109.9","125.3","109.5","29.97M","6.73%"
"05/12/2022","109.9","115.7","120.6","95.8","97.13M","-4.77%"
"05/11/2022","115.4","142.4","146.0","101.0","71.00M","-18.85%"
"05/10/2022","142.2","138.4","154.9","133.0","56.78M","2.75%"
"05/09/2022","138.4","162.8","164.5","137.1","86.99M","-14.99%"
"05/08/2022","162.8","166.8","167.7","162.2","20.04M","-2.40%"
"05/07/2022","166.8","166.6","172.0","164.7","20.00M","0.12%"
"05/06/2022","166.6","166.5","168.8","161.3","11.88M","0.06%"
"05/05/2022","166.5","173.4","176.0","164.0","40.03M","-3.98%"
"05/04/2022","173.4","167.0","173.7","165.7","30.24M","3.77%"
"05/03/2022","167.1","167.9","169.1","163.8","18.21M","-0.48%"
"05/02/2022","167.9","170.3","171.7","164.5","14.13M","-1.41%"
"05/01/2022","170.3","166.8","175.9","164.0","17.37M","2.10%"
"04/30/2022","166.8","173.8","175.5","165.6","26.92M","-4.03%"
"04/29/2022","173.8","175.3","184.3","172.4","24.98M","-0.86%"
"04/28/2022","175.3","178.1","182.5","173.0","18.92M","-1.57%"
"04/27/2022","178.1","176.0","184.9","173.2","20.51M","1.19%"
"04/26/2022","176.0","198.3","208.8","173.8","85.31M","-11.25%"
"04/25/2022","198.3","165.8","212.0","156.0","187.80M","19.60%"
"04/24/2022","165.8","168.7","169.8","165.2","10.68M","-1.72%"
"04/23/2022","168.7","171.3","171.5","167.8","6.40M","-1.52%"
"04/22/2022","171.3","171.0","172.0","169.5","5.63M","0.18%"
"04/21/2022","171.0","174.8","176.4","169.8","21.16M","-2.17%"
"04/20/2022","174.8","176.9","182.4","173.6","23.48M","-1.19%"
"04/19/2022","176.9","174.6","179.3","172.8","14.40M","1.32%"
"04/18/2022","174.6","174.8","176.7","168.1","20.44M","-0.11%"
"04/17/2022","174.8","179.5","181.5","174.2","25.11M","-2.62%"
"04/16/2022","179.5","182.5","185.1","177.1","14.76M","-1.64%"
"04/15/2022","182.5","180.0","186.3","177.4","15.61M","1.39%"
"04/14/2022","180.0","175.0","183.7","172.0","32.35M","2.86%"
"04/13/2022","175.0","173.9","179.8","171.3","17.12M","0.63%"
"04/12/2022","173.9","169.3","181.0","168.2","24.37M","2.66%"
"04/11/2022","169.4","185.6","189.1","167.9","30.94M","-8.63%"
"04/10/2022","185.4","179.9","196.4","179.1","40.99M","3.06%"
"04/09/2022","179.9","178.7","180.3","176.2","8.23M","0.67%"
"04/08/2022","178.7","180.9","190.5","177.1","31.75M","-1.22%"
"04/07/2022","180.9","176.0","183.3","172.8","24.43M","2.78%"
"04/06/2022","176.0","213.2","215.2","175.2","85.03M","-17.53%"
"04/05/2022","213.4","181.7","219.0","180.1","194.99M","17.45%"
"04/04/2022","181.7","178.7","191.2","173.2","46.59M","1.68%"
"04/03/2022","178.7","169.7","182.0","167.1","15.12M","5.30%"
"04/02/2022","169.7","172.4","175.2","169.0","26.66M","-1.57%"
"04/01/2022","172.4","168.3","173.5","163.3","17.08M","2.44%"
"03/31/2022","168.3","172.2","178.3","166.5","25.27M","-2.26%"
"03/30/2022","172.2","173.5","175.1","166.7","19.69M","-0.75%"
"03/29/2022","173.5","172.3","178.6","169.4","35.31M","0.70%"
"03/28/2022","172.3","172.9","184.0","170.9","31.24M","-0.35%"
"03/27/2022","172.9","164.9","174.1","164.0","49.48M","4.85%"
"03/26/2022","164.9","159.0","166.2","156.8","16.38M","3.71%"
"03/25/2022","159.0","164.6","165.6","155.5","21.13M","-3.40%"
"03/24/2022","164.6","157.7","170.6","155.5","23.21M","4.38%"
"03/23/2022","157.7","149.6","159.5","147.8","42.17M","5.41%"
"03/22/2022","149.6","145.8","152.3","145.1","14.02M","2.61%"
"03/21/2022","145.8","146.0","148.3","144.6","9.73M","-0.14%"
"03/20/2022","146.0","149.9","150.6","144.2","7.58M","-2.60%"
"03/19/2022","149.9","144.8","151.5","144.1","10.90M","3.52%"
"03/18/2022","144.8","142.4","145.4","140.4","9.62M","1.69%"
"03/17/2022","142.4","143.5","146.3","142.2","5.93M","-0.77%"
"03/16/2022","143.5","139.4","143.5","138.9","16.64M","2.94%"
"03/15/2022","139.4","141.1","141.5","138.0","7.49M","-1.20%"
"03/14/2022","141.1","139.7","151.3","138.2","9.18M","1.00%"
"03/13/2022","139.7","143.3","144.6","138.3","8.73M","-2.51%"
"03/12/2022","143.3","143.9","146.0","143.3","4.22M","-0.42%"
"03/11/2022","143.9","145.0","147.0","142.4","8.79M","-0.76%"
"03/10/2022","145.0","149.5","150.0","143.3","7.62M","-3.01%"
"03/09/2022","149.5","145.6","153.3","145.2","15.79M","2.68%"
"03/08/2022","145.6","145.7","149.3","143.6","27.51M","-0.07%"
"03/07/2022","145.7","150.0","152.0","142.0","64.76M","-2.87%"
"03/06/2022","150.0","154.2","155.1","148.8","81.01M","-2.72%"
"03/05/2022","154.2","151.7","155.0","150.0","24.29M","1.65%"
"03/04/2022","151.7","158.2","158.6","149.6","28.95M","-4.11%"
"03/03/2022","158.2","161.9","163.1","155.6","56.16M","-2.29%"
"03/02/2022","161.9","162.4","166.0","159.1","44.29M","-0.31%"
"03/01/2022","162.4","161.1","168.0","158.0","77.73M","0.81%"
"02/28/2022","161.1","151.1","161.9","149.6","113.81M","6.62%"
"02/27/2022","151.1","156.0","156.7","149.5","37.14M","-3.14%"
"02/26/2022","156.0","155.5","158.3","153.5","29.42M","0.32%"
"02/25/2022","155.5","151.3","156.2","147.3","49.14M","2.78%"
"02/24/2022","151.3","155.3","155.7","134.7","130.60M","-2.58%"
"02/23/2022","155.3","159.6","164.1","154.5","56.61M","-2.69%"
"02/22/2022","159.6","156.9","160.0","152.5","72.92M","1.72%"
"02/21/2022","156.9","167.7","172.0","155.5","94.81M","-6.44%"
"02/20/2022","167.7","172.8","172.8","166.1","23.68M","-2.95%"
"02/19/2022","172.8","169.5","178.2","169.5","6.46M","1.95%"
"02/18/2022","169.5","168.4","172.9","166.7","30.00M","0.65%"
"02/17/2022","168.4","180.4","181.8","167.9","41.83M","-6.65%"
"02/16/2022","180.4","183.1","183.2","177.8","64.04M","-1.47%"
"02/15/2022","183.1","176.9","184.4","175.8","107.96M","3.50%"
"02/14/2022","176.9","181.3","184.0","174.4","79.80M","-2.43%"
"02/13/2022","181.3","176.2","192.5","175.5","99.22M","2.89%"
"02/12/2022","176.2","177.0","179.2","171.4","41.05M","-0.45%"
"02/11/2022","177.0","184.6","187.1","173.9","75.46M","-4.12%"
"02/10/2022","184.6","192.5","194.4","183.2","131.02M","-4.10%"
"02/09/2022","192.5","192.6","195.8","187.2","127.49M","-0.05%"
"02/08/2022","192.6","201.6","206.2","187.2","122.09M","-4.46%"
"02/07/2022","201.6","188.0","209.7","185.1","137.59M","7.23%"
"02/06/2022","188.0","179.9","190.0","176.9","88.10M","4.50%"
"02/05/2022","179.9","180.0","184.8","177.9","102.99M","0.00%"
"02/04/2022","179.9","169.1","180.0","168.3","21.48M","6.39%"
"02/03/2022","169.1","168.7","171.3","166.5","9.81M","0.24%"
"02/02/2022","168.7","175.6","180.7","168.4","19.54M","-3.93%"
"02/01/2022","175.6","174.0","176.9","173.3","6.07M","0.92%"
"01/31/2022","174.0","173.3","175.2","169.4","12.27M","0.40%"
"01/30/2022","173.3","176.9","177.9","172.0","10.54M","-2.04%"
"01/29/2022","176.9","175.1","177.7","174.0","11.46M","1.03%"
"01/28/2022","175.1","174.0","175.5","171.6","15.45M","0.69%"
"01/27/2022","173.9","175.1","179.0","168.9","18.70M","-0.69%"
"01/26/2022","175.1","173.4","186.6","172.1","41.94M","1.04%"
"01/25/2022","173.3","167.7","182.5","161.2","26.60M","3.34%"
"01/24/2022","167.7","173.4","173.4","156.2","51.75M","-3.18%"
"01/23/2022","173.2","165.0","177.0","163.8","26.94M","4.97%"
"01/22/2022","165.0","176.2","179.3","151.8","39.39M","-6.36%"
"01/21/2022","176.2","189.4","191.8","175.0","43.86M","-6.97%"
"01/20/2022","189.4","195.0","203.7","187.6","28.87M","-2.82%"
"01/19/2022","194.9","199.5","204.5","192.7","15.20M","-2.31%"
"01/18/2022","199.5","208.2","212.2","196.4","15.92M","-4.18%"
"01/17/2022","208.2","213.8","215.8","202.2","30.24M","-2.62%"
"01/16/2022","213.8","223.8","224.1","210.9","19.27M","-4.47%"
"01/15/2022","223.8","222.3","236.6","220.1","25.52M","0.67%"
"01/14/2022","222.3","208.5","253.9","206.9","57.80M","6.62%"
"01/13/2022","208.5","197.6","214.9","195.9","69.86M","5.52%"
"01/12/2022","197.6","188.2","198.5","184.5","24.33M","4.99%"
"01/11/2022","188.2","175.2","204.1","173.8","36.41M","7.42%"
"01/10/2022","175.2","186.0","187.8","169.1","19.02M","-5.81%"
"01/09/2022","186.0","188.7","190.5","184.1","9.96M","-1.43%"
"01/08/2022","188.7","191.5","194.4","183.5","19.46M","-1.46%"
"01/07/2022","191.5","197.7","198.0","185.0","9.20M","-3.14%"
"01/06/2022","197.7","197.0","199.2","189.4","11.77M","0.56%"
"01/05/2022","196.6","205.5","207.9","183.7","45.47M","-4.33%"
"01/04/2022","205.5","207.5","209.7","204.7","8.88M","-0.96%"
"01/03/2022","207.5","211.9","212.0","205.1","13.29M","-2.08%"
"01/02/2022","211.9","210.7","214.0","208.7","10.50M","0.57%"
"01/01/2022","210.7","208.8","211.1","207.8","4.82M","0.91%"
"12/31/2021","208.8","207.6","212.8","204.0","8.71M","0.58%"
"12/30/2021","207.6","205.9","213.8","203.0","7.05M","0.83%"
"12/29/2021","205.9","213.1","215.9","204.3","10.52M","-3.38%"
"12/28/2021","213.1","227.3","227.5","211.2","12.02M","-6.25%"
"12/27/2021","227.3","229.7","231.7","226.9","11.69M","-1.04%"
"12/26/2021","229.7","231.1","232.9","225.9","6.90M","-0.56%"
"12/25/2021","231.0","226.9","237.8","225.8","14.04M","1.81%"
"12/24/2021","226.9","223.8","238.0","218.1","34.05M","1.39%"
"12/23/2021","223.8","212.1","223.9","211.0","15.66M","5.52%"
"12/22/2021","212.1","209.6","220.2","208.1","15.04M","1.19%"
"12/21/2021","209.6","206.1","211.3","203.5","9.08M","1.70%"
"12/20/2021","206.1","211.4","212.1","201.1","11.51M","-2.51%"
"12/19/2021","211.4","214.5","216.6","211.1","6.55M","-1.45%"
"12/18/2021","214.5","211.6","217.8","208.0","9.53M","1.37%"
"12/17/2021","211.6","216.3","219.0","203.8","16.95M","-2.17%"
"12/16/2021","216.3","226.3","230.0","215.4","20.36M","-4.38%"
"12/15/2021","226.2","236.5","236.9","216.1","44.00M","-4.36%"
"12/14/2021","236.5","197.0","274.9","191.9","98.33M","20.05%"
"12/13/2021","197.0","209.9","210.7","192.5","19.15M","-6.15%"
"12/12/2021","209.9","210.2","215.0","207.0","8.33M","-0.14%"
"12/11/2021","210.2","207.9","211.0","205.2","5.33M","1.11%"
"12/10/2021","207.9","210.6","216.4","205.5","9.02M","-1.24%"
"12/09/2021","210.5","220.4","225.8","210.5","14.15M","-4.49%"
"12/08/2021","220.4","220.0","228.0","214.0","4.46M","0.18%"
"12/07/2021","220.0","220.9","230.0","217.9","6.74M","-0.41%"
"12/06/2021","220.9","214.1","223.9","200.0","13.15M","3.18%"
"12/05/2021","214.1","226.0","230.9","204.1","16.81M","-5.06%"
"12/04/2021","225.5","253.1","253.8","192.0","22.91M","-10.90%"
"12/03/2021","253.1","260.1","263.1","250.0","20.09M","-2.69%"
"12/02/2021","260.1","259.7","275.5","253.0","8.83M","0.15%"
"12/01/2021","259.7","266.0","270.6","258.0","2.93M","-2.37%"
"11/30/2021","266.0","268.5","282.1","265.1","12.84M","-0.93%"
"11/29/2021","268.5","262.4","281.4","255.5","15.27M","2.32%"
"11/28/2021","262.4","262.7","263.1","248.6","21.80M","-0.11%"
"11/27/2021","262.7","256.2","266.2","255.3","7.63M","2.54%"
"11/26/2021","256.2","275.0","276.0","250.1","22.50M","-6.84%"
"11/25/2021","275.0","272.6","285.2","269.2","34.47M","0.88%"
"11/24/2021","272.6","282.8","287.4","268.0","31.83M","-3.61%"
"11/23/2021","282.8","275.3","293.8","269.0","22.75M","2.72%"
"11/22/2021","275.3","281.3","281.9","272.3","22.37M","-2.17%"
"11/21/2021","281.4","288.3","288.4","280.7","16.20M","-2.39%"
"11/20/2021","288.3","288.3","293.2","280.3","20.41M","0.00%"
"11/19/2021","288.3","274.4","294.3","268.6","14.71M","5.07%"
"11/18/2021","274.4","291.7","295.0","271.8","53.83M","-5.93%"
"11/17/2021","291.7","291.9","295.2","282.8","23.31M","-0.07%"
"11/16/2021","291.9","313.1","313.3","285.1","30.89M","-6.77%"
"11/15/2021","313.1","318.7","321.7","311.8","25.45M","-1.76%"
"11/14/2021","318.7","315.8","329.6","315.2","8.83M","0.92%"
"11/13/2021","315.8","316.5","317.7","308.8","11.78M","-0.22%"
"11/12/2021","316.5","317.5","324.7","306.3","14.27M","-0.31%"
"11/11/2021","317.5","312.9","329.0","310.1","34.17M","1.41%"
"11/10/2021","313.1","329.4","332.3","299.7","83.08M","-4.95%"
"11/09/2021","329.4","340.6","349.8","326.0","28.46M","-3.32%"
"11/08/2021","340.7","322.6","358.4","320.4","49.71M","5.64%"
"11/07/2021","322.5","317.3","326.3","314.8","17.14M","1.64%"
"11/06/2021","317.3","317.2","323.3","308.1","12.16M","0.03%"
"11/05/2021","317.2","316.4","324.4","310.4","15.25M","0.03%"
"11/04/2021","317.1","319.6","321.1","307.5","44.27M","-0.78%"
"11/03/2021","319.6","320.9","324.7","308.9","36.30M","-0.28%"
"11/02/2021","320.5","322.9","331.3","317.3","27.82M","-0.74%"
"11/01/2021","322.9","331.3","337.5","314.4","25.28M","-2.56%"
"10/31/2021","331.4","320.0","336.9","302.6","93.53M","3.72%"
"10/30/2021","319.5","345.4","353.0","309.3","78.10M","-7.50%"
"10/29/2021","345.4","360.7","368.8","334.4","98.08M","-4.24%"
"10/28/2021","360.7","290.8","406.0","284.8","310.36M","24.12%"
"10/27/2021","290.6","309.5","316.8","274.7","67.73M","-6.11%"
"10/26/2021","309.5","320.3","329.0","307.0","31.71M","-3.28%"
"10/25/2021","320.0","336.7","342.6","315.3","21.35M","-4.99%"
"10/24/2021","336.8","306.9","344.5","301.5","105.86M","9.89%"
"10/23/2021","306.5","298.8","309.5","296.1","19.02M","2.58%"
"10/22/2021","298.8","296.6","308.9","288.9","33.59M","0.74%"
"10/21/2021","296.6","307.6","312.7","296.4","18.76M","-3.58%"
"10/20/2021","307.6","300.5","315.8","297.2","30.09M","2.36%"
"10/19/2021","300.5","305.2","311.8","294.6","12.36M","-1.54%"
"10/18/2021","305.2","293.5","333.2","291.5","31.17M","3.99%"
"10/17/2021","293.5","291.2","298.5","282.5","30.71M","0.79%"
"10/16/2021","291.2","287.3","300.0","286.8","7.70M","1.36%"
"10/15/2021","287.3","283.0","296.5","274.8","27.05M","1.52%"
"10/14/2021","283.0","283.2","292.0","281.6","12.28M","-0.07%"
"10/13/2021","283.2","279.3","285.8","272.3","80.36M","1.40%"
"10/12/2021","279.3","285.5","286.0","269.0","71.53M","-2.17%"
"10/11/2021","285.5","283.9","292.5","280.5","77.16M","0.49%"
"10/10/2021","284.1","300.9","303.2","281.9","85.31M","-5.58%"
"10/09/2021","300.9","298.3","307.3","295.4","68.41M","0.87%"
"10/08/2021","298.3","295.6","310.1","293.0","73.67M","0.91%"
"10/07/2021","295.6","308.4","310.1","290.5","73.67M","-4.15%"
"10/06/2021","308.4","302.0","327.1","294.0","112.37M","1.95%"
"10/05/2021","302.5","293.7","323.4","283.3","185.19M","3.00%"
"10/04/2021","293.7","269.0","302.2","259.0","187.84M","9.18%"
"10/03/2021","269.0","266.3","273.5","261.8","87.06M","1.01%"
"10/02/2021","266.3","270.0","273.9","262.7","80.76M","-1.37%"
"10/01/2021","270.0","249.6","272.0","247.0","59.78M","8.17%"
"09/30/2021","249.6","243.0","250.0","241.8","64.53M","2.72%"
"09/29/2021","243.0","240.8","248.4","237.9","127.84M","0.91%"
"09/28/2021","240.8","244.9","247.2","240.3","79.34M","-1.67%"
"09/27/2021","244.9","250.4","253.6","244.8","79.40M","-2.20%"
"09/26/2021","250.4","255.1","256.4","241.5","68.01M","-1.84%"
"09/25/2021","255.1","254.9","259.0","250.1","88.99M","0.08%"
"09/24/2021","254.9","272.0","276.9","245.5","110.03M","-6.29%"
"09/23/2021","272.0","277.8","279.2","263.9","68.30M","-2.09%"
"09/22/2021","277.8","249.5","283.4","246.5","113.28M","11.34%"
"09/21/2021","249.5","260.7","266.7","246.4","114.10M","-4.30%"
"09/20/2021","260.7","286.1","286.4","251.0","92.26M","-8.88%"
"09/19/2021","286.1","292.9","292.9","284.5","101.66M","-2.32%"
"09/18/2021","292.9","292.5","298.0","290.0","78.14M","0.14%"
"09/17/2021","292.5","290.0","310.2","286.4","103.85M","0.86%"
"09/16/2021","290.0","293.6","294.0","282.4","99.45M","-1.23%"
"09/15/2021","293.6","289.0","294.6","286.2","80.72M","1.59%"
"09/14/2021","289.0","284.9","290.3","282.6","14.44M","1.44%"
"09/13/2021","284.9","299.6","301.9","281.6","19.21M","-4.91%"
"09/12/2021","299.6","292.2","305.2","289.5","79.16M","2.53%"
"09/11/2021","292.2","293.5","298.9","288.2","58.05M","-0.48%"
"09/10/2021","293.6","303.7","314.5","288.9","103.78M","-3.33%"
"09/09/2021","303.7","309.9","313.0","299.2","73.55M","-2.00%"
"09/08/2021","309.9","307.7","317.4","278.3","92.13M","0.68%"
"09/07/2021","307.8","357.0","359.4","280.1","190.62M","-13.78%"
"09/06/2021","357.0","359.6","368.0","346.4","55.06M","-0.72%"
"09/05/2021","359.6","347.1","360.9","342.3","72.33M","3.60%"
"09/04/2021","347.1","342.5","356.7","338.9","92.98M","1.34%"
"09/03/2021","342.5","342.5","352.1","335.5","61.44M","0.09%"
"09/02/2021","342.2","340.4","357.9","338.0","70.31M","0.53%"
"09/01/2021","340.4","326.0","341.6","320.4","119.63M","4.42%"
"08/31/2021","326.0","321.6","335.2","318.5","93.55M","1.40%"
"08/30/2021","321.5","329.6","340.0","319.0","20.93M","-2.46%"
"08/29/2021","329.6","335.8","341.7","326.4","15.74M","-1.82%"
"08/28/2021","335.7","344.7","351.4","331.7","20.53M","-2.61%"
"08/27/2021","344.7","317.0","345.8","312.4","33.66M","8.74%"
"08/26/2021","317.0","341.5","344.7","313.1","35.70M","-7.17%"
"08/25/2021","341.5","339.3","347.0","327.2","24.67M","0.56%"
"08/24/2021","339.6","370.5","371.3","330.9","62.14M","-8.34%"
"08/23/2021","370.5","368.4","381.0","366.1","21.50M","0.57%"
"08/22/2021","368.4","372.8","376.2","360.3","32.15M","-1.18%"
"08/21/2021","372.8","382.4","385.6","370.0","26.86M","-2.51%"
"08/20/2021","382.4","372.8","390.6","367.1","46.79M","2.58%"
"08/19/2021","372.8","357.3","374.0","347.5","72.49M","4.34%"
"08/18/2021","357.3","351.5","379.1","327.0","132.24M","1.65%"
"08/17/2021","351.5","374.9","396.5","348.0","105.02M","-6.24%"
"08/16/2021","374.9","395.7","407.0","366.4","115.07M","-5.26%"
"08/15/2021","395.7","342.6","405.2","334.0","162.17M","15.40%"
"08/14/2021","342.9","331.6","345.2","320.0","63.46M","3.35%"
"08/13/2021","331.8","309.5","332.2","307.0","79.57M","7.21%"
"08/12/2021","309.5","305.5","340.1","296.2","55.22M","1.14%"
"08/11/2021","306.0","295.3","324.2","294.3","92.45M","3.62%"
"08/10/2021","295.3","293.5","301.0","284.0","118.78M","0.68%"
"08/09/2021","293.3","278.7","303.7","267.3","116.66M","5.24%"
"08/08/2021","278.7","300.3","324.4","273.2","147.63M","-7.19%"
"08/07/2021","300.3","236.2","301.0","234.7","193.82M","27.14%"
"08/06/2021","236.2","231.8","243.5","229.7","74.85M","1.90%"
"08/05/2021","231.8","231.9","234.0","227.4","55.97M","-0.04%"
"08/04/2021","231.9","230.4","234.9","227.2","113.14M","0.65%"
"08/03/2021","230.4","235.9","238.2","227.5","110.68M","-2.33%"
"08/02/2021","235.9","236.8","243.3","233.5","73.19M","-0.38%"
"08/01/2021","236.8","240.4","252.5","235.3","140.69M","-1.50%"
"07/31/2021","240.4","240.2","246.9","236.6","114.84M","0.08%"
"07/30/2021","240.2","235.5","242.0","227.0","122.99M","2.17%"
"07/29/2021","235.1","238.4","238.9","231.3","117.48M","-1.34%"
"07/28/2021","238.3","237.3","248.5","233.6","127.84M","0.42%"
"07/27/2021","237.3","235.2","241.7","225.6","36.27M","0.89%"
"07/26/2021","235.2","230.0","270.0","228.4","101.65M","2.26%"
"07/25/2021","230.0","231.6","232.3","224.4","13.66M","1.01%"
"07/24/2021","227.7","226.9","232.6","222.8","226.19M","0.35%"
"07/23/2021","226.9","224.3","233.2","215.9","32.85M","1.11%"
"07/22/2021","224.4","225.1","233.1","220.1","22.99M","-0.44%"
"07/21/2021","225.4","202.0","251.0","199.4","219.14M","11.58%"
"07/20/2021","202.0","206.7","212.8","190.2","62.97M","-2.27%"
"07/19/2021","206.7","215.1","217.8","203.7","234.76M","-3.91%"
"07/18/2021","215.1","221.0","230.2","214.0","24.36M","-2.49%"
"07/17/2021","220.6","203.5","241.7","200.0","89.86M","8.51%"
"07/16/2021","203.3","218.4","221.8","202.6","31.32M","-6.83%"
"07/15/2021","218.2","232.5","236.1","214.5","223.26M","-6.07%"
"07/14/2021","232.3","236.7","242.1","223.2","20.47M","-1.86%"
"07/13/2021","236.7","245.8","246.2","234.4","240.41M","-3.70%"
"07/12/2021","245.8","253.2","256.5","241.8","21.04M","-2.92%"
"07/11/2021","253.2","252.6","257.0","248.2","35.95M","0.24%"
"07/10/2021","252.6","258.9","268.8","248.9","250.19M","-2.43%"
"07/09/2021","258.9","245.1","271.0","231.5","21.64M","5.37%"
"07/08/2021","245.7","262.8","263.6","242.5","43.67M","-6.51%"
"07/07/2021","262.8","272.9","274.2","260.0","36.64M","-3.35%"
"07/06/2021","271.9","271.0","275.6","270.8","3.14M","0.33%"
"07/05/2021","271.0","286.0","286.0","271.0","32.90M","-5.24%"
"07/04/2021","286.0","290.2","290.2","286.0","24.62M","-0.69%"
"07/03/2021","288.0","286.1","288.0","283.7","49.54M","0.66%"
"07/02/2021","286.1","286.1","286.1","286.1","36.16M","-0.03%"
"07/01/2021","286.2","294.9","294.9","286.2","25.68M","-2.95%"
"06/30/2021","294.9","304.6","304.6","294.7","56.21M","-3.15%"
"06/29/2021","304.5","298.4","308.2","298.4","71.94M","2.04%"
"06/28/2021","298.4","305.0","305.0","293.0","68.06M","-2.16%"
"06/27/2021","305.0","287.2","305.0","281.7","77.21M","6.12%"
"06/26/2021","287.4","279.4","287.4","279.4","84.23M","2.72%"
"06/25/2021","279.8","305.5","312.0","279.8","140.67M","-8.32%"
"06/24/2021","305.2","272.4","305.2","272.4","119.16M","11.84%"
"06/23/2021","272.9","221.4","278.2","221.4","128.93M","23.26%"
"06/22/2021","221.4","210.0","221.4","210.0","153.07M","5.18%"
"06/21/2021","210.5","330.0","330.0","210.5","173.90M","-36.15%"
"06/20/2021","329.7","338.8","338.8","329.7","137.04M","-2.77%"
"06/19/2021","339.1","348.0","348.0","339.1","70.24M","-2.56%"
"06/18/2021","348.0","360.1","360.1","348.0","29.99M","-3.36%"
"06/17/2021","360.1","363.5","363.5","359.8","12.26M","-0.80%"
"06/16/2021","363.0","370.0","370.0","357.5","21.76M","-1.89%"
"06/15/2021","370.0","376.3","376.3","368.7","15.26M","-1.67%"
"06/14/2021","376.3","371.8","376.3","371.8","21.21M","1.18%"
"06/13/2021","371.9","362.9","371.9","360.3","76.03M","2.45%"
"06/12/2021","363.0","371.8","371.8","363.0","75.16M","-2.37%"
"06/11/2021","371.8","380.3","380.3","368.0","143.70M","-2.24%"
"06/10/2021","380.3","397.4","397.4","380.3","128.67M","-4.23%"
"06/09/2021","397.1","377.1","397.1","377.1","109.65M","5.28%"
"06/08/2021","377.2","384.0","384.0","377.2","26.78M","-1.77%"
"06/07/2021","384.0","432.6","432.6","384.0","27.14M","-11.28%"
"06/06/2021","432.8","439.1","439.1","432.8","5.47M","-1.43%"
"06/05/2021","439.1","438.2","439.1","438.0","7.85M","0.21%"
"06/04/2021","438.2","464.4","464.4","433.0","26.39M","-5.56%"
"06/03/2021","464.0","493.0","493.0","464.0","52.23M","-5.88%"
"06/02/2021","493.0","436.6","493.0","436.6","68.59M","12.92%"
"06/01/2021","436.6","381.2","436.6","381.2","62.69M","14.59%"
"05/31/2021","381.0","365.8","381.0","359.2","11.28M","4.16%"
"05/30/2021","365.8","374.0","374.0","365.8","4.52M","-2.19%"
"05/29/2021","374.0","380.1","380.1","350.2","9.12M","-1.60%"
"05/28/2021","380.1","403.6","403.6","380.1","8.00M","-5.82%"
"05/27/2021","403.6","425.0","425.0","403.6","9.52M","-5.19%"
"05/26/2021","425.7","423.7","434.2","423.7","10.28M","0.38%"
"05/25/2021","424.1","444.8","444.8","424.1","13.67M","-4.68%"
"05/24/2021","444.9","376.0","444.9","376.0","38.38M","18.32%"
"05/23/2021","376.0","431.0","431.0","376.0","49.30M","-12.76%"
"05/22/2021","431.0","470.2","470.2","427.7","14.84M","-8.34%"
"05/21/2021","470.2","503.4","503.4","470.2","27.96M","-6.60%"